[
{
    "model": "pizza_lisa.user",
    "pk": 1,
    "fields": {
        "password": "pbkdf2_sha256$720000$cvHZhqGyYoK6sXNaKBg0qS$liwc3rIznVgeEFhVNrK+0psWItxwkJVZE1NrlPPA2fU=",
        "last_login": "2024-02-15T09:15:55.390Z",
        "is_superuser": true,
        "username": "admin",
        "last_name": "",
        "email": "admin@admin.com",
        "is_staff": true,
        "is_active": true,
        "date_joined": "2024-01-27T12:58:36.185Z",
        "phone_number": 1,
        "first_name": "Admin",
        "discont": 0,
        "total_shopping": 0.0,
        "groups": [],
        "user_permissions": []
    }
},
{
    "model": "pizza_lisa.user",
    "pk": 2,
    "fields": {
        "password": "pbkdf2_sha256$720000$YjpHlIweJ6zDQfasuOl4q0$1maDixfWiQfaVeePRiQm0jS2uktxaneFHNTDiUK/z2Q=",
        "last_login": null,
        "is_superuser": false,
        "username": "for_test",
        "last_name": "",
        "email": "",
        "is_staff": false,
        "is_active": true,
        "date_joined": "2024-02-10T11:22:41.643Z",
        "phone_number": 375299999999,
        "first_name": "For test",
        "discont": 0,
        "total_shopping": 0.0,
        "groups": [],
        "user_permissions": []
    }
},
{
    "model": "pizza_lisa.user",
    "pk": 8,
    "fields": {
        "password": "pbkdf2_sha256$720000$M2kKqOQm0hefKJISmeF9vA$fuHMbZmt6lKf76SYub8jX9UGIZYQCoXD5iwyO8deUMA=",
        "last_login": "2024-02-11T14:28:21.607Z",
        "is_superuser": false,
        "username": "user",
        "last_name": "",
        "email": "",
        "is_staff": false,
        "is_active": true,
        "date_joined": "2024-01-30T18:26:58.952Z",
        "phone_number": 375291112233,
        "first_name": "User",
        "discont": 20,
        "total_shopping": 0.0,
        "groups": [],
        "user_permissions": []
    }
},
{
    "model": "pizza_lisa.user",
    "pk": 9,
    "fields": {
        "password": "pbkdf2_sha256$720000$6Mxe7Ngx4yFcldXKxx09T4$EL0o7dtJSdNlheCEN2Tt50CPn3jEuwj74CzZfrxdvjs=",
        "last_login": "2024-02-11T14:28:48.067Z",
        "is_superuser": false,
        "username": "marina",
        "last_name": "",
        "email": "",
        "is_staff": false,
        "is_active": true,
        "date_joined": "2024-02-04T07:35:54.137Z",
        "phone_number": 375298765321,
        "first_name": "Marisha",
        "discont": 3,
        "total_shopping": 55.04,
        "groups": [],
        "user_permissions": []
    }
},
{
    "model": "pizza_lisa.user",
    "pk": 24,
    "fields": {
        "password": "pbkdf2_sha256$720000$ETEvuz6dngDJpNDH06CBKk$tQ9Jj1ktw/yuMPsskmQKTlpmJpT+v+FP40jlvpUQwJ8=",
        "last_login": null,
        "is_superuser": false,
        "username": "new",
        "last_name": "",
        "email": "",
        "is_staff": false,
        "is_active": true,
        "date_joined": "2024-02-10T07:50:08.167Z",
        "phone_number": 375291594879,
        "first_name": "New",
        "discont": 0,
        "total_shopping": 0.0,
        "groups": [],
        "user_permissions": []
    }
},
{
    "model": "pizza_lisa.user",
    "pk": 28,
    "fields": {
        "password": "pbkdf2_sha256$720000$v0NofYa8d3qtPSatD6tjHI$3Nyyvbsa3V2gVNRDJ7dLn6WcMNNtJTg1nhouzxFcn1U=",
        "last_login": null,
        "is_superuser": false,
        "username": "ya_deruzhina",
        "last_name": "",
        "email": "",
        "is_staff": false,
        "is_active": true,
        "date_joined": "2024-02-11T14:28:10.426Z",
        "phone_number": 375252979865,
        "first_name": "Marina",
        "discont": 0,
        "total_shopping": 0.0,
        "groups": [],
        "user_permissions": []
    }
},
{
    "model": "pizza_lisa.user",
    "pk": 29,
    "fields": {
        "password": "pbkdf2_sha256$720000$6LXmVvEDmzGEa72tarzUUk$sq6Oudk04npraYu9bFk+0OuQhMay8HlixOmHpPMISHc=",
        "last_login": null,
        "is_superuser": false,
        "username": "romashka84",
        "last_name": "",
        "email": "",
        "is_staff": false,
        "is_active": true,
        "date_joined": "2024-02-11T19:51:42.404Z",
        "phone_number": 375251234569,
        "first_name": "Romashka84",
        "discont": 0,
        "total_shopping": 0.0,
        "groups": [],
        "user_permissions": []
    }
},
{
    "model": "pizza_lisa.user",
    "pk": 30,
    "fields": {
        "password": "pbkdf2_sha256$720000$mzkkkcnWQRHAC1souHIdms$XfmBEH7NGWu3oxeJPf5/taNkTsX8257rJig9rKmDhZ0=",
        "last_login": null,
        "is_superuser": false,
        "username": "rimma_friedman",
        "last_name": "",
        "email": "",
        "is_staff": false,
        "is_active": true,
        "date_joined": "2024-02-11T19:53:02.665Z",
        "phone_number": 375259876532,
        "first_name": "RimmaFriedman",
        "discont": 0,
        "total_shopping": 0.0,
        "groups": [],
        "user_permissions": []
    }
},
{
    "model": "pizza_lisa.user",
    "pk": 31,
    "fields": {
        "password": "pbkdf2_sha256$720000$3MdTIgczvnFx4OnVni8QvA$2hhhSLsS2JVOuAqn6kPZjr4pzKWZSoGVcCboaYiadxc=",
        "last_login": null,
        "is_superuser": false,
        "username": "janneta_cs",
        "last_name": "",
        "email": "",
        "is_staff": false,
        "is_active": true,
        "date_joined": "2024-02-11T19:53:37.272Z",
        "phone_number": 375256543298,
        "first_name": "Janneta_Cs",
        "discont": 0,
        "total_shopping": 0.0,
        "groups": [],
        "user_permissions": []
    }
},
{
    "model": "pizza_lisa.catalogmodel",
    "pk": 1,
    "fields": {
        "name_pizza": "New",
        "ingredients": "New",
        "price": 15.5,
        "price_disсont": 10.0
    }
},
{
    "model": "pizza_lisa.catalogmodel",
    "pk": 2,
    "fields": {
        "name_pizza": "Super New",
        "ingredients": "New",
        "price": 15.5,
        "price_disсont": 0.0
    }
},
{
    "model": "pizza_lisa.messagesmodel",
    "pk": 1,
    "fields": {
        "user_page": 8,
        "author_message": "user",
        "message": "Hello",
        "date_create": "2024-01-30T18:53:01.143Z",
        "new": false
    }
},
{
    "model": "pizza_lisa.messagesmodel",
    "pk": 2,
    "fields": {
        "user_page": 8,
        "author_message": "user",
        "message": "It's my first chat",
        "date_create": "2024-01-30T18:53:20.583Z",
        "new": true
    }
},
{
    "model": "pizza_lisa.messagesmodel",
    "pk": 5,
    "fields": {
        "user_page": 8,
        "author_message": "user",
        "message": "new",
        "date_create": "2024-01-30T19:07:37.631Z",
        "new": true
    }
},
{
    "model": "pizza_lisa.messagesmodel",
    "pk": 19,
    "fields": {
        "user_page": 8,
        "author_message": "admin",
        "message": "Adminka",
        "date_create": "2024-02-12T19:17:07.050Z",
        "new": true
    }
},
{
    "model": "pizza_lisa.messagesmodel",
    "pk": 24,
    "fields": {
        "user_page": 8,
        "author_message": "admin",
        "message": "new",
        "date_create": "2024-02-12T19:34:17.092Z",
        "new": false
    }
},
{
    "model": "pizza_lisa.messagesmodel",
    "pk": 25,
    "fields": {
        "user_page": 24,
        "author_message": "admin",
        "message": "Test",
        "date_create": "2024-02-13T09:56:49.130Z",
        "new": false
    }
},
{
    "model": "pizza_lisa.messagesmodel",
    "pk": 26,
    "fields": {
        "user_page": 24,
        "author_message": "admin",
        "message": "Not new",
        "date_create": "2024-02-13T09:57:17.815Z",
        "new": false
    }
},
{
    "model": "pizza_lisa.messagesmodel",
    "pk": 27,
    "fields": {
        "user_page": 9,
        "author_message": "marina",
        "message": "Test",
        "date_create": "2024-02-14T09:58:43.655Z",
        "new": false
    }
},
{
    "model": "pizza_lisa.messagesmodel",
    "pk": 28,
    "fields": {
        "user_page": 9,
        "author_message": "admin",
        "message": "answer",
        "date_create": "2024-02-14T09:59:00.549Z",
        "new": false
    }
},
{
    "model": "pizza_lisa.ordermodel",
    "pk": 8,
    "fields": {
        "order_time": "2024-02-04T13:23:13.920Z",
        "status": "COOKING",
        "user": 9,
        "name": "marina",
        "phone": 375291234569,
        "address": "Self-pickup",
        "comment": "test",
        "total_money": 0.0
    }
},
{
    "model": "pizza_lisa.ordermodel",
    "pk": 9,
    "fields": {
        "order_time": "2024-02-04T13:24:59.579Z",
        "status": "NEW",
        "user": 9,
        "name": "marina",
        "phone": 375291234569,
        "address": "Self-pickup",
        "comment": "Test",
        "total_money": 0.0
    }
},
{
    "model": "pizza_lisa.ordermodel",
    "pk": 11,
    "fields": {
        "order_time": "2024-02-04T13:41:50.118Z",
        "status": "NEW",
        "user": 9,
        "name": "marina",
        "phone": 375291234569,
        "address": "Self-pickup",
        "comment": "test",
        "total_money": 0.0
    }
},
{
    "model": "pizza_lisa.ordermodel",
    "pk": 12,
    "fields": {
        "order_time": "2024-02-04T13:43:29.651Z",
        "status": "COOKING",
        "user": 9,
        "name": "marina",
        "phone": 375291234569,
        "address": "Self-pickup",
        "comment": "ttt",
        "total_money": 0.0
    }
},
{
    "model": "pizza_lisa.ordermodel",
    "pk": 13,
    "fields": {
        "order_time": "2024-02-04T16:41:18.643Z",
        "status": "NEW",
        "user": 9,
        "name": "marina",
        "phone": 375291234569,
        "address": "Self-pickup",
        "comment": "NEW",
        "total_money": 0.0
    }
},
{
    "model": "pizza_lisa.ordermodel",
    "pk": 18,
    "fields": {
        "order_time": "2024-02-06T19:40:21.000Z",
        "status": "ARCHIVE",
        "user": 8,
        "name": "user",
        "phone": 375291112233,
        "address": "Self-pickup",
        "comment": "test",
        "total_money": 0.0
    }
},
{
    "model": "pizza_lisa.ordermodel",
    "pk": 19,
    "fields": {
        "order_time": "2024-02-06T19:50:42.058Z",
        "status": "CANCELED",
        "user": 8,
        "name": "user",
        "phone": 375291112233,
        "address": "Self-pickup",
        "comment": "diskont",
        "total_money": 0.0
    }
},
{
    "model": "pizza_lisa.ordermodel",
    "pk": 20,
    "fields": {
        "order_time": "2024-02-07T10:43:44.290Z",
        "status": "ARCHIVE",
        "user": 8,
        "name": "user",
        "phone": 375291112233,
        "address": "Self-pickup",
        "comment": "New",
        "total_money": 0.0
    }
},
{
    "model": "pizza_lisa.ordermodel",
    "pk": 21,
    "fields": {
        "order_time": "2024-02-07T10:50:23.766Z",
        "status": "CANCELED",
        "user": 8,
        "name": "user",
        "phone": 375291112233,
        "address": "Self-pickup",
        "comment": "Order without Comment",
        "total_money": 0.0
    }
},
{
    "model": "pizza_lisa.ordermodel",
    "pk": 22,
    "fields": {
        "order_time": "2024-02-07T10:52:32.357Z",
        "status": "COOKING",
        "user": 8,
        "name": "user",
        "phone": 375291112233,
        "address": "Self-pickup",
        "comment": "Order without Comment",
        "total_money": 0.0
    }
},
{
    "model": "pizza_lisa.ordermodel",
    "pk": 23,
    "fields": {
        "order_time": "2024-02-07T12:53:46.172Z",
        "status": "TASTING",
        "user": 8,
        "name": "user",
        "phone": 375291112233,
        "address": "Self-pickup",
        "comment": "Order without Comment",
        "total_money": 0.0
    }
},
{
    "model": "pizza_lisa.ordermodel",
    "pk": 24,
    "fields": {
        "order_time": "2024-02-07T12:59:25.345Z",
        "status": "PACKING",
        "user": 8,
        "name": "user",
        "phone": 375291112233,
        "address": "Self-pickup",
        "comment": "Order without Comment",
        "total_money": 0.0
    }
},
{
    "model": "pizza_lisa.ordermodel",
    "pk": 25,
    "fields": {
        "order_time": "2024-02-07T13:01:48.861Z",
        "status": "IN_DELIVERY",
        "user": 8,
        "name": "user",
        "phone": 375291112233,
        "address": "Self-pickup",
        "comment": "Order without Comment",
        "total_money": 0.0
    }
},
{
    "model": "pizza_lisa.ordermodel",
    "pk": 28,
    "fields": {
        "order_time": "2024-02-07T13:07:57.858Z",
        "status": "NEW",
        "user": 8,
        "name": "user",
        "phone": 375291112233,
        "address": "Self-pickup",
        "comment": "Order without Comment",
        "total_money": 0.0
    }
},
{
    "model": "pizza_lisa.ordermodel",
    "pk": 31,
    "fields": {
        "order_time": "2024-02-07T13:19:30.592Z",
        "status": "NEW",
        "user": 8,
        "name": "user",
        "phone": 375291112233,
        "address": "Self-pickup",
        "comment": "Order without Comment",
        "total_money": 0.0
    }
},
{
    "model": "pizza_lisa.ordermodel",
    "pk": 32,
    "fields": {
        "order_time": "2024-02-07T13:20:50.682Z",
        "status": "NEW",
        "user": 8,
        "name": "user",
        "phone": 375291112233,
        "address": "Self-pickup",
        "comment": "Order without Comment",
        "total_money": 0.0
    }
},
{
    "model": "pizza_lisa.ordermodel",
    "pk": 33,
    "fields": {
        "order_time": "2024-02-07T13:55:27.576Z",
        "status": "NEW",
        "user": 8,
        "name": "user",
        "phone": 375291112233,
        "address": "Self-pickup",
        "comment": "Order without Comment",
        "total_money": 0.0
    }
},
{
    "model": "pizza_lisa.ordermodel",
    "pk": 34,
    "fields": {
        "order_time": "2024-02-07T20:09:05.737Z",
        "status": "NEW",
        "user": 8,
        "name": "user",
        "phone": 375291112233,
        "address": "Self-pickup",
        "comment": "Order without Comment",
        "total_money": 0.0
    }
},
{
    "model": "pizza_lisa.ordermodel",
    "pk": 38,
    "fields": {
        "order_time": "2024-02-08T08:46:27.029Z",
        "status": "NEW",
        "user": 9,
        "name": "marina",
        "phone": 375298765321,
        "address": "Self-pickup",
        "comment": "Order without Comment",
        "total_money": 0.0
    }
},
{
    "model": "pizza_lisa.ordermodel",
    "pk": 39,
    "fields": {
        "order_time": "2024-02-08T08:46:47.623Z",
        "status": "CANCELED",
        "user": 9,
        "name": "marina",
        "phone": 375298765321,
        "address": "Self-pickup",
        "comment": "Order without Comment",
        "total_money": 0.0
    }
},
{
    "model": "pizza_lisa.ordermodel",
    "pk": 40,
    "fields": {
        "order_time": "2024-02-08T09:12:27.509Z",
        "status": "NEW",
        "user": 9,
        "name": "marina",
        "phone": 375298765321,
        "address": "Self-pickup",
        "comment": "Order without Comment",
        "total_money": 0.0
    }
},
{
    "model": "pizza_lisa.ordermodel",
    "pk": 41,
    "fields": {
        "order_time": "2024-02-08T09:17:48.819Z",
        "status": "NEW",
        "user": 9,
        "name": "marina",
        "phone": 375298765321,
        "address": "Self-pickup",
        "comment": "Order without Comment",
        "total_money": 0.0
    }
},
{
    "model": "pizza_lisa.ordermodel",
    "pk": 42,
    "fields": {
        "order_time": "2024-02-08T09:19:33.376Z",
        "status": "NEW",
        "user": 9,
        "name": "marina",
        "phone": 375298765321,
        "address": "Self-pickup",
        "comment": "Order without Comment",
        "total_money": 0.0
    }
},
{
    "model": "pizza_lisa.ordermodel",
    "pk": 43,
    "fields": {
        "order_time": "2024-02-09T13:13:56.479Z",
        "status": "NEW",
        "user": 9,
        "name": "marina",
        "phone": 375298765321,
        "address": "Self-pickup",
        "comment": "Order without Comment",
        "total_money": 0.0
    }
},
{
    "model": "pizza_lisa.ordermodel",
    "pk": 44,
    "fields": {
        "order_time": "2024-02-09T13:14:58.109Z",
        "status": "NEW",
        "user": 9,
        "name": "marina",
        "phone": 375298765321,
        "address": "Self-pickup",
        "comment": "Order without Comment",
        "total_money": 0.0
    }
},
{
    "model": "pizza_lisa.ordermodel",
    "pk": 45,
    "fields": {
        "order_time": "2024-02-09T13:20:09.781Z",
        "status": "NEW",
        "user": 9,
        "name": "marina",
        "phone": 375298765321,
        "address": "Self-pickup",
        "comment": "Order without Comment",
        "total_money": 0.0
    }
},
{
    "model": "pizza_lisa.ordermodel",
    "pk": 46,
    "fields": {
        "order_time": "2024-02-09T13:20:30.548Z",
        "status": "NEW",
        "user": 9,
        "name": "marina",
        "phone": 375298765321,
        "address": "Self-pickup",
        "comment": "Order without Comment",
        "total_money": 0.0
    }
},
{
    "model": "pizza_lisa.ordermodel",
    "pk": 48,
    "fields": {
        "order_time": "2024-02-09T13:22:22.839Z",
        "status": "NEW",
        "user": 9,
        "name": "marina",
        "phone": 375298765321,
        "address": "Self-pickup",
        "comment": "Order without Comment",
        "total_money": 0.0
    }
},
{
    "model": "pizza_lisa.ordermodel",
    "pk": 49,
    "fields": {
        "order_time": "2024-02-09T13:24:18.395Z",
        "status": "NEW",
        "user": 9,
        "name": "marina",
        "phone": 375298765321,
        "address": "Self-pickup",
        "comment": "Order without Comment",
        "total_money": 0.0
    }
},
{
    "model": "pizza_lisa.ordermodel",
    "pk": 50,
    "fields": {
        "order_time": "2024-02-10T09:42:31.813Z",
        "status": "NEW",
        "user": 9,
        "name": "marina",
        "phone": 375298765321,
        "address": "Self-pickup",
        "comment": "Order without Comment",
        "total_money": 0.0
    }
},
{
    "model": "pizza_lisa.ordermodel",
    "pk": 51,
    "fields": {
        "order_time": "2024-02-10T09:42:44.649Z",
        "status": "NEW",
        "user": 9,
        "name": "marina",
        "phone": 375298765321,
        "address": "Self-pickup",
        "comment": "Order without Comment",
        "total_money": 0.0
    }
},
{
    "model": "pizza_lisa.ordermodel",
    "pk": 52,
    "fields": {
        "order_time": "2024-02-10T09:46:49.442Z",
        "status": "NEW",
        "user": 9,
        "name": "marina",
        "phone": 375298765321,
        "address": "Self-pickup",
        "comment": "Order without Comment",
        "total_money": 0.0
    }
},
{
    "model": "pizza_lisa.ordermodel",
    "pk": 53,
    "fields": {
        "order_time": "2024-02-10T09:52:16.580Z",
        "status": "CANCELED",
        "user": 9,
        "name": "marina",
        "phone": 375298765321,
        "address": "Minsk",
        "comment": "Order without Comment",
        "total_money": 0.0
    }
},
{
    "model": "pizza_lisa.ordermodel",
    "pk": 54,
    "fields": {
        "order_time": "2024-02-10T21:18:49.135Z",
        "status": "NEW",
        "user": 9,
        "name": "marina",
        "phone": 375298765321,
        "address": "Self-pickup",
        "comment": "Order without Comment",
        "total_money": 0.0
    }
},
{
    "model": "pizza_lisa.ordermodel",
    "pk": 56,
    "fields": {
        "order_time": "2024-02-14T09:55:30.772Z",
        "status": "NEW",
        "user": 9,
        "name": "marina",
        "phone": 375298765321,
        "address": "Self-pickup",
        "comment": "Order without Comment",
        "total_money": 0.0
    }
},
{
    "model": "pizza_lisa.ordermodel",
    "pk": 57,
    "fields": {
        "order_time": "2024-02-14T09:56:27.921Z",
        "status": "ARCHIVE",
        "user": 9,
        "name": "marina",
        "phone": 375298765321,
        "address": "Self-pickup",
        "comment": "Order without Comment",
        "total_money": 0.0
    }
},
{
    "model": "pizza_lisa.ordermodel",
    "pk": 58,
    "fields": {
        "order_time": "2024-02-14T10:44:38.349Z",
        "status": "NEW",
        "user": 9,
        "name": "marina",
        "phone": 375298765321,
        "address": "Self-pickup",
        "comment": "Order without Comment",
        "total_money": 55.04
    }
},
{
    "model": "pizza_lisa.ordermodel",
    "pk": 59,
    "fields": {
        "order_time": "2024-02-15T07:30:37.864Z",
        "status": "NEW",
        "user": 9,
        "name": "marina",
        "phone": 375298765321,
        "address": "Self-pickup",
        "comment": "Order without Comment",
        "total_money": 9.7
    }
},
{
    "model": "pizza_lisa.ordermodel",
    "pk": 60,
    "fields": {
        "order_time": "2024-02-15T08:07:28.450Z",
        "status": "NEW",
        "user": 9,
        "name": "marina",
        "phone": 375298765321,
        "address": "Self-pickup",
        "comment": "Order without Comment",
        "total_money": 15.04
    }
},
{
    "model": "pizza_lisa.ordermodel",
    "pk": 61,
    "fields": {
        "order_time": "2024-02-15T08:21:27.912Z",
        "status": "NEW",
        "user": 9,
        "name": "marina",
        "phone": 375298765321,
        "address": "Self-pickup",
        "comment": "Order without Comment",
        "total_money": 10.0
    }
},
{
    "model": "pizza_lisa.ordermodel",
    "pk": 62,
    "fields": {
        "order_time": "2024-02-15T08:24:43.939Z",
        "status": "NEW",
        "user": 9,
        "name": "marina",
        "phone": 375298765321,
        "address": "Self-pickup",
        "comment": "Order without Comment",
        "total_money": 25.04
    }
},
{
    "model": "pizza_lisa.ordermodel",
    "pk": 73,
    "fields": {
        "order_time": "2024-02-15T08:54:39.868Z",
        "status": "IN_DELIVERY",
        "user": 9,
        "name": "marina",
        "phone": 375298765321,
        "address": "Self-pickup",
        "comment": "Order without Comment",
        "total_money": 55.04
    }
},
{
    "model": "pizza_lisa.pizzainorder",
    "pk": 1,
    "fields": {
        "order": 8,
        "pizza": 1,
        "count": 1,
        "price_one": 1.0
    }
},
{
    "model": "pizza_lisa.pizzainorder",
    "pk": 2,
    "fields": {
        "order": 8,
        "pizza": 2,
        "count": 2,
        "price_one": 1.0
    }
},
{
    "model": "pizza_lisa.pizzainorder",
    "pk": 3,
    "fields": {
        "order": 9,
        "pizza": 2,
        "count": 4,
        "price_one": 1.0
    }
},
{
    "model": "pizza_lisa.pizzainorder",
    "pk": 4,
    "fields": {
        "order": 9,
        "pizza": 1,
        "count": 2,
        "price_one": 1.0
    }
},
{
    "model": "pizza_lisa.pizzainorder",
    "pk": 5,
    "fields": {
        "order": 11,
        "pizza": 1,
        "count": 1,
        "price_one": 1.0
    }
},
{
    "model": "pizza_lisa.pizzainorder",
    "pk": 6,
    "fields": {
        "order": 11,
        "pizza": 2,
        "count": 2,
        "price_one": 1.0
    }
},
{
    "model": "pizza_lisa.pizzainorder",
    "pk": 7,
    "fields": {
        "order": 12,
        "pizza": 2,
        "count": 1,
        "price_one": 10.0
    }
},
{
    "model": "pizza_lisa.pizzainorder",
    "pk": 8,
    "fields": {
        "order": 12,
        "pizza": 1,
        "count": 1,
        "price_one": 20.0
    }
},
{
    "model": "pizza_lisa.pizzainorder",
    "pk": 9,
    "fields": {
        "order": 13,
        "pizza": 2,
        "count": 2,
        "price_one": 1.0
    }
},
{
    "model": "pizza_lisa.pizzainorder",
    "pk": 10,
    "fields": {
        "order": 13,
        "pizza": 1,
        "count": 2,
        "price_one": 1.0
    }
},
{
    "model": "pizza_lisa.pizzainorder",
    "pk": 13,
    "fields": {
        "order": 18,
        "pizza": 2,
        "count": 7,
        "price_one": 15.5
    }
},
{
    "model": "pizza_lisa.pizzainorder",
    "pk": 14,
    "fields": {
        "order": 18,
        "pizza": 1,
        "count": 2,
        "price_one": 15.5
    }
},
{
    "model": "pizza_lisa.pizzainorder",
    "pk": 15,
    "fields": {
        "order": 19,
        "pizza": 2,
        "count": 1,
        "price_one": 15.5
    }
},
{
    "model": "pizza_lisa.pizzainorder",
    "pk": 16,
    "fields": {
        "order": 19,
        "pizza": 1,
        "count": 1,
        "price_one": 15.5
    }
},
{
    "model": "pizza_lisa.pizzainorder",
    "pk": 17,
    "fields": {
        "order": 20,
        "pizza": 2,
        "count": 2,
        "price_one": 15.5
    }
},
{
    "model": "pizza_lisa.pizzainorder",
    "pk": 18,
    "fields": {
        "order": 20,
        "pizza": 1,
        "count": 2,
        "price_one": 10.0
    }
},
{
    "model": "pizza_lisa.pizzainorder",
    "pk": 19,
    "fields": {
        "order": 21,
        "pizza": 2,
        "count": 1,
        "price_one": 15.5
    }
},
{
    "model": "pizza_lisa.pizzainorder",
    "pk": 20,
    "fields": {
        "order": 21,
        "pizza": 1,
        "count": 1,
        "price_one": 10.0
    }
},
{
    "model": "pizza_lisa.pizzainorder",
    "pk": 21,
    "fields": {
        "order": 22,
        "pizza": 2,
        "count": 1,
        "price_one": 15.5
    }
},
{
    "model": "pizza_lisa.pizzainorder",
    "pk": 22,
    "fields": {
        "order": 23,
        "pizza": 2,
        "count": 1,
        "price_one": 15.5
    }
},
{
    "model": "pizza_lisa.pizzainorder",
    "pk": 23,
    "fields": {
        "order": 24,
        "pizza": 2,
        "count": 2,
        "price_one": 15.5
    }
},
{
    "model": "pizza_lisa.pizzainorder",
    "pk": 24,
    "fields": {
        "order": 24,
        "pizza": 1,
        "count": 2,
        "price_one": 10.0
    }
},
{
    "model": "pizza_lisa.pizzainorder",
    "pk": 25,
    "fields": {
        "order": 25,
        "pizza": 2,
        "count": 2,
        "price_one": 15.5
    }
},
{
    "model": "pizza_lisa.pizzainorder",
    "pk": 26,
    "fields": {
        "order": 25,
        "pizza": 1,
        "count": 2,
        "price_one": 10.0
    }
},
{
    "model": "pizza_lisa.pizzainorder",
    "pk": 31,
    "fields": {
        "order": 28,
        "pizza": 1,
        "count": 1,
        "price_one": 10.0
    }
},
{
    "model": "pizza_lisa.pizzainorder",
    "pk": 32,
    "fields": {
        "order": 28,
        "pizza": 2,
        "count": 3,
        "price_one": 15.5
    }
},
{
    "model": "pizza_lisa.pizzainorder",
    "pk": 33,
    "fields": {
        "order": 31,
        "pizza": 2,
        "count": 1,
        "price_one": 15.035
    }
},
{
    "model": "pizza_lisa.pizzainorder",
    "pk": 34,
    "fields": {
        "order": 32,
        "pizza": 2,
        "count": 1,
        "price_one": 15.04
    }
},
{
    "model": "pizza_lisa.pizzainorder",
    "pk": 35,
    "fields": {
        "order": 33,
        "pizza": 2,
        "count": 1,
        "price_one": 15.04
    }
},
{
    "model": "pizza_lisa.pizzainorder",
    "pk": 36,
    "fields": {
        "order": 33,
        "pizza": 1,
        "count": 1,
        "price_one": 10.0
    }
},
{
    "model": "pizza_lisa.pizzainorder",
    "pk": 37,
    "fields": {
        "order": 34,
        "pizza": 2,
        "count": 2,
        "price_one": 15.04
    }
},
{
    "model": "pizza_lisa.pizzainorder",
    "pk": 38,
    "fields": {
        "order": 34,
        "pizza": 1,
        "count": 2,
        "price_one": 10.0
    }
},
{
    "model": "pizza_lisa.pizzainorder",
    "pk": 44,
    "fields": {
        "order": 38,
        "pizza": 2,
        "count": 1,
        "price_one": 15.5
    }
},
{
    "model": "pizza_lisa.pizzainorder",
    "pk": 45,
    "fields": {
        "order": 38,
        "pizza": 1,
        "count": 1,
        "price_one": 10.0
    }
},
{
    "model": "pizza_lisa.pizzainorder",
    "pk": 46,
    "fields": {
        "order": 39,
        "pizza": 2,
        "count": 1,
        "price_one": 15.5
    }
},
{
    "model": "pizza_lisa.pizzainorder",
    "pk": 47,
    "fields": {
        "order": 40,
        "pizza": 1,
        "count": 1,
        "price_one": 10.0
    }
},
{
    "model": "pizza_lisa.pizzainorder",
    "pk": 48,
    "fields": {
        "order": 41,
        "pizza": 1,
        "count": 1,
        "price_one": 10.0
    }
},
{
    "model": "pizza_lisa.pizzainorder",
    "pk": 49,
    "fields": {
        "order": 42,
        "pizza": 2,
        "count": 1,
        "price_one": 15.5
    }
},
{
    "model": "pizza_lisa.pizzainorder",
    "pk": 50,
    "fields": {
        "order": 43,
        "pizza": 1,
        "count": 1,
        "price_one": 10.0
    }
},
{
    "model": "pizza_lisa.pizzainorder",
    "pk": 51,
    "fields": {
        "order": 44,
        "pizza": 1,
        "count": 1,
        "price_one": 10.0
    }
},
{
    "model": "pizza_lisa.pizzainorder",
    "pk": 52,
    "fields": {
        "order": 45,
        "pizza": 1,
        "count": 1,
        "price_one": 10.0
    }
},
{
    "model": "pizza_lisa.pizzainorder",
    "pk": 53,
    "fields": {
        "order": 49,
        "pizza": 1,
        "count": 2,
        "price_one": 10.0
    }
},
{
    "model": "pizza_lisa.pizzainorder",
    "pk": 54,
    "fields": {
        "order": 50,
        "pizza": 1,
        "count": 1,
        "price_one": 10.0
    }
},
{
    "model": "pizza_lisa.pizzainorder",
    "pk": 55,
    "fields": {
        "order": 51,
        "pizza": 1,
        "count": 1,
        "price_one": 10.0
    }
},
{
    "model": "pizza_lisa.pizzainorder",
    "pk": 56,
    "fields": {
        "order": 52,
        "pizza": 1,
        "count": 1,
        "price_one": 10.0
    }
},
{
    "model": "pizza_lisa.pizzainorder",
    "pk": 57,
    "fields": {
        "order": 53,
        "pizza": 1,
        "count": 1,
        "price_one": 10.0
    }
},
{
    "model": "pizza_lisa.pizzainorder",
    "pk": 58,
    "fields": {
        "order": 54,
        "pizza": 1,
        "count": 1,
        "price_one": 10.0
    }
},
{
    "model": "pizza_lisa.pizzainorder",
    "pk": 62,
    "fields": {
        "order": 56,
        "pizza": 2,
        "count": 1,
        "price_one": 15.5
    }
},
{
    "model": "pizza_lisa.pizzainorder",
    "pk": 63,
    "fields": {
        "order": 56,
        "pizza": 1,
        "count": 2,
        "price_one": 10.0
    }
},
{
    "model": "pizza_lisa.pizzainorder",
    "pk": 64,
    "fields": {
        "order": 57,
        "pizza": 1,
        "count": 1,
        "price_one": 10.0
    }
},
{
    "model": "pizza_lisa.pizzainorder",
    "pk": 66,
    "fields": {
        "order": 57,
        "pizza": 2,
        "count": 1,
        "price_one": 15.04
    }
},
{
    "model": "pizza_lisa.pizzainorder",
    "pk": 67,
    "fields": {
        "order": 57,
        "pizza": 1,
        "count": 3,
        "price_one": 10.0
    }
},
{
    "model": "pizza_lisa.pizzainorder",
    "pk": 69,
    "fields": {
        "order": 59,
        "pizza": 2,
        "count": 1,
        "price_one": 15.04
    }
},
{
    "model": "pizza_lisa.pizzainorder",
    "pk": 70,
    "fields": {
        "order": 61,
        "pizza": 1,
        "count": 1,
        "price_one": 10.0
    }
},
{
    "model": "pizza_lisa.pizzainorder",
    "pk": 71,
    "fields": {
        "order": 62,
        "pizza": 2,
        "count": 1,
        "price_one": 15.04
    }
},
{
    "model": "pizza_lisa.pizzainorder",
    "pk": 75,
    "fields": {
        "order": 73,
        "pizza": 2,
        "count": 1,
        "price_one": 15.04
    }
},
{
    "model": "pizza_lisa.pizzainorder",
    "pk": 76,
    "fields": {
        "order": 73,
        "pizza": 1,
        "count": 4,
        "price_one": 10.0
    }
},
{
    "model": "pizza_lisa.reviewmodel",
    "pk": 1,
    "fields": {
        "user": 9,
        "pizza": 2,
        "review": "First",
        "time": "20:41:28.125"
    }
},
{
    "model": "pizza_lisa.reviewmodel",
    "pk": 2,
    "fields": {
        "user": 8,
        "pizza": 2,
        "review": "Second :)",
        "time": "22:26:12.120"
    }
},
{
    "model": "pizza_lisa.reviewmodel",
    "pk": 4,
    "fields": {
        "user": 9,
        "pizza": 2,
        "review": "test",
        "time": "15:49:42.191"
    }
},
{
    "model": "pizza_lisa.reviewmodel",
    "pk": 5,
    "fields": {
        "user": 9,
        "pizza": 2,
        "review": "test",
        "time": "16:27:59.430"
    }
},
{
    "model": "pizza_lisa.reviewmodel",
    "pk": 6,
    "fields": {
        "user": 9,
        "pizza": 2,
        "review": "test",
        "time": "16:29:20.236"
    }
},
{
    "model": "pizza_lisa.basketmodel",
    "pk": 91,
    "fields": {
        "user": 8,
        "pizza": 1,
        "count": 4
    }
},
{
    "model": "pizza_lisa.basketmodel",
    "pk": 93,
    "fields": {
        "user": 8,
        "pizza": 2,
        "count": 2
    }
}
]
